{"cameraMode":{"drawMode":0,"name":"Shaded","section":"Shading Mode"},"sceneLighting":true,"audioPlay":false,"sceneViewState":{"m_AlwaysRefresh":false,"showFog":true,"showSkybox":true,"showFlares":true,"showImageEffects":true,"showParticleSystems":true,"showVisualEffectGraphs":true,"m_FxEnabled":false},"in2DMode":false,"pivot":{"x":13.285073280334473,"y":-1.643011212348938,"z":12.903239250183106},"rotation":{"x":0.12114688009023667,"y":0.029774213209748269,"z":-0.0036357296630740167,"w":0.9921829700469971},"size":13.062013626098633,"orthographic":false}