{"cameraMode":{"drawMode":0,"name":"Shaded","section":"Shading Mode"},"sceneLighting":true,"audioPlay":false,"sceneViewState":{"m_AlwaysRefresh":false,"showFog":true,"showSkybox":true,"showFlares":true,"showImageEffects":true,"showParticleSystems":true,"showVisualEffectGraphs":true,"m_FxEnabled":false},"in2DMode":false,"pivot":{"x":0.5918383002281189,"y":-4.5031938552856449,"z":12.101476669311524},"rotation":{"x":0.2558172345161438,"y":0.07531199604272843,"z":-0.019994346424937249,"w":0.9635800719261169},"size":15.648252487182618,"orthographic":false}